정보보안학과,전필,선형대수,1학년,2학기,3.0,310476,전공
정보보안학과,전필,네트워크설계,2학년,1학기,3.0,310471,전공
정보보안학과,전필,모바일프로그래밍,2학년,2학기,3.0,310473,전공
정보보안학과,전필,암호개론,2학년,2학기,2.0,310750,전공
정보보안학과,전필,정보보안프로그래밍,3학년,1학기,3.0,310474,전공
정보보안학과,전필,캡스톤디자인1,4학년,1학기,3.0,310475,전공
정보보안학과,전선,ICT개론,1학년,1학기,3.0,323170,전공
정보보안학과,전선,정보보안프리캡스톤,1학년,2학기,2.0,323302,전공
정보보안학과,전선,정보보안개론,1학년,2학기,3.0,323307,전공
정보보안학과,전선,이산수학,2학년,1학기,3.0,322654,전공
정보보안학과,전선,고급프로그래밍,2학년,1학기,3.0,323304,전공
정보보안학과,전선,자료구조및알고리즘,2학년,1학기,3.0,323308,전공
정보보안학과,전선,광역네트워크설계,2학년,2학기,3.0,323310,전공
정보보안학과,전선,SW실무영어,2학년,2학기,2.0,323311,전공
정보보안학과,전선,웹프로그래밍기초,2학년,2학기,3.0,323314,전공
정보보안학과,전선,인공지능개론,3학년,1학기,3.0,322689,전공
정보보안학과,전선,네트워크보안,3학년,1학기,3.0,323317,전공
정보보안학과,전선,리눅스시스템,3학년,1학기,3.0,323322,전공
정보보안학과,전선,모바일보안,3학년,1학기,3.0,323326,전공
정보보안학과,전선,사이버포렌식,3학년,2학기,3.0,323329,전공
정보보안학과,전선,시스템보안,3학년,2학기,3.0,323345,전공
정보보안학과,전선,웹어플리케이션프로그래밍,3학년,2학기,3.0,323349,전공
정보보안학과,전선,시큐어코딩,3학년,2학기,3.0,323361,전공
정보보안학과,전선,해킹실무,4학년,1학기,3.0,323362,전공
정보보안학과,전선,컴퓨터비전,4학년,1학기,3.0,325436,전공
정보보안학과,전선,딥러닝,4학년,2학기,3.0,323162,전공
정보보안학과,전선,캡스톤디자인2,4학년,2학기,3.0,323369,전공
소프트웨어학과,전필,선형대수,1학년,2학기,3.0,310476,전공
소프트웨어학과,전필,고급프로그래밍,2학년,1학기,3.0,310477,전공
소프트웨어학과,전필,소프트웨어개발실습1,2학년,1학기,3.0,310478,전공
소프트웨어학과,전필,자료구조및알고리즘,2학년,2학기,3.0,310479,전공
소프트웨어학과,전필,소프트웨어개발실습2,2학년,2학기,3.0,310480,전공
소프트웨어학과,전필,캡스톤디자인1,4학년,1학기,3.0,310481,전공
소프트웨어학과,전선,소프트웨어기초프로젝트,2학년,1학기,3.0,322653,전공
소프트웨어학과,전선,이산수학,2학년,1학기,3.0,322654,전공
소프트웨어학과,전선,자바MC,2학년,1학기,0.5,322657,전공
소프트웨어학과,전선,오픈소프트웨어실습,2학년,1학기,3.0,325129,전공
소프트웨어학과,전선,컴퓨터구조,2학년,2학기,3.0,322658,전공
소프트웨어학과,전선,사용자인터페이스기획및설계,2학년,2학기,3.0,322659,전공
소프트웨어학과,전선,컴퓨터네트워크,2학년,2학기,3.0,322660,전공
소프트웨어학과,전선,소프트웨어실무영어,2학년,2학기,2.0,322661,전공
소프트웨어학과,전선,자료구조MC,2학년,2학기,0.5,322673,전공
소프트웨어학과,전선,소프트웨어개발실습3,3학년,1학기,3.0,322674,전공
소프트웨어학과,전선,인공지능개론,3학년,1학기,3.0,322689,전공
소프트웨어학과,전선,데이터베이스,3학년,1학기,3.0,322690,전공
소프트웨어학과,전선,소프트웨어스튜디오1,3학년,1학기,3.0,323205,전공
소프트웨어학과,전선,소프트웨어공학,3학년,1학기,3.0,325951,전공
소프트웨어학과,전선,소프트웨어개발실습4,3학년,2학기,3.0,323207,전공
소프트웨어학과,전선,운영체제,3학년,2학기,3.0,323208,전공
소프트웨어학과,전선,소프트웨어분석및설계,3학년,2학기,3.0,323216,전공
소프트웨어학과,전선,데이터베이스설계,3학년,2학기,3.0,323217,전공
소프트웨어학과,전선,데이터시각화,3학년,2학기,3.0,323218,전공
소프트웨어학과,전선,소프트웨어스튜디오2,3학년,2학기,3.0,323219,전공
소프트웨어학과,전선,웹서버프로그래밍,4학년,1학기,3.0,323220,전공
소프트웨어학과,전선,소프트웨어설계패턴,4학년,1학기,3.0,323221,전공
소프트웨어학과,전선,빅데이터캡스톤프로젝트,4학년,1학기,3.0,323222,전공
소프트웨어학과,전선,복합현실MR설계및응용,4학년,1학기,3.0,323223,전공
소프트웨어학과,전선,캡스톤디자인2,4학년,2학기,3.0,323224,전공
소프트웨어학과,전선,클라우드컴퓨팅,4학년,2학기,3.0,323226,전공
인공지능응용학과,전필,선형대수,1학년,2학기,3.0,310476,전공
인공지능응용학과,전필,고급프로그래밍,2학년,1학기,3.0,310751,전공
인공지능응용학과,전필,전기회로이론및실습,2학년,2학기,3.0,310466,전공
인공지능응용학과,전필,인공지능시스템,3학년,2학기,3.0,310713,전공
인공지능응용학과,전필,인공지능응용프로젝트1,4학년,1학기,3.0,311312,전공
인공지능응용학과,전선,정보보안개론,1학년,2학기,3.0,323307,전공
인공지능응용학과,전선,이산수학,2학년,1학기,3.0,322654,전공
인공지능응용학과,전선,회로이론,2학년,1학기,3.0,323149,전공
인공지능응용학과,전선,기업가정신,2학년,1학기,2.0,323151,전공
인공지능응용학과,전선,웹프로그래밍,2학년,1학기,3.0,326937,전공
인공지능응용학과,전선,모바일앱프로그래밍,2학년,1학기,3.0,326938,전공
인공지능응용학과,전선,디지털공학및실습,2학년,2학기,3.0,323152,전공
인공지능응용학과,전선,자료구조및알고리즘,2학년,2학기,3.0,323156,전공
인공지능응용학과,전선,신호처리,2학년,2학기,3.0,326542,전공
인공지능응용학과,전선,자바프로그래밍,2학년,2학기,2.0,326939,전공
인공지능응용학과,전선,인공지능개론,3학년,1학기,3.0,322689,전공
인공지능응용학과,전선,센서및인터페이스,3학년,1학기,3.0,323157,전공
인공지능응용학과,전선,마이크로프로세서,3학년,1학기,3.0,323160,전공
인공지능응용학과,전선,리눅스시스템,3학년,1학기,3.0,323322,전공
인공지능응용학과,전선,빅데이터,3학년,1학기,3.0,326940,전공
인공지능응용학과,전선,웹서버프로그래밍,3학년,1학기,3.0,326941,전공
인공지능응용학과,전선,휴먼디바이스인터랙션,3학년,2학기,3.0,323161,전공
인공지능응용학과,전선,딥러닝,3학년,2학기,3.0,323162,전공
인공지능응용학과,전선,빅데이터응용,3학년,2학기,2.0,326942,전공
인공지능응용학과,전선,컴퓨터비전,4학년,1학기,3.0,325436,전공
인공지능응용학과,전선,AIoT응용프로젝트,4학년,1학기,3.0,326545,전공
인공지능응용학과,전선,인공지능응용프로젝트2,4학년,2학기,3.0,325268,전공
전기전자공학과,전필,회로해석,2학년,1학기,3.0,310452,전공
전기전자공학과,전필,마이크로컨트롤러,2학년,2학기,3.0,310693,전공
전기전자공학과,전필,SCOPE모델링,3학년,2학기,3.0,310455,전공
전기전자공학과,전필,SCOPE,4학년,1학기,6.0,310456,전공
전기전자공학과,전선,전자기초,1학년,1학기,3.0,322699,전공
전기전자공학과,전선,제품개발프로세스,1학년,1학기,3.0,326274,전공
전기전자공학과,전선,PULSE전자,1학년,2학기,3.0,322703,전공
전기전자공학과,전선,PULSE프로그래밍,1학년,2학기,3.0,322704,전공
전기전자공학과,전선,센서및엑츄에이터,2학년,1학기,3.0,322716,전공
전기전자공학과,전선,비전시스템,2학년,1학기,3.0,322717,전공
전기전자공학과,전선,전자기학,2학년,1학기,3.0,326275,전공
전기전자공학과,전선,RF회로설계,2학년,2학기,3.0,322733,전공
전기전자공학과,전선,ROS프로그래밍,2학년,2학기,3.0,322734,전공
전기전자공학과,전선,설계기초와3D프린터,2학년,2학기,3.0,322821,전공
전기전자공학과,전선,응용전자회로,2학년,2학기,3.0,322281,전공
전기전자공학과,전선,마이크로프로세서응용,3학년,1학기,3.0,322793,전공
전기전자공학과,전선,PCB설계,3학년,1학기,3.0,322797,전공
전기전자공학과,전선,전력전자,3학년,1학기,3.0,322803,전공
전기전자공학과,전선,인공지능,3학년,1학기,3.0,322810,전공
전기전자공학과,전선,PLC설계,3학년,2학기,3.0,321882,전공
전기전자공학과,전선,전동기제어,3학년,2학기,3.0,322813,전공
전기전자공학과,전선,통신시스템,3학년,2학기,3.0,325141,전공
전기전자공학과,전선,자율주행시스템,4학년,1학기,3.0,322814,전공
전기전자공학과,전선,로보틱스,4학년,2학기,3.0,322852,전공
컴퓨터공학과,전필,선형대수,1학년,2학기,3.0,310476,전공
컴퓨터공학과,전필,고급프로그래밍,2학년,1학기,3.0,310477,전공
컴퓨터공학과,전필,자료구조,2학년,2학기,3.0,310536,전공
컴퓨터공학과,전필,데이터베이스,3학년,1학기,3.0,322690,전공
컴퓨터공학과,전필,운영체제,3학년,2학기,3.0,310538,전공
컴퓨터공학과,전필,캡스톤디자인1,4학년,1학기,3.0,310481,전공
컴퓨터공학과,전선,웹프로그래밍,2학년,1학기,3.0,322620,전공
컴퓨터공학과,전선,인공지능입문,2학년,1학기,3.0,322621,전공
컴퓨터공학과,전선,이산수학,2학년,1학기,3.0,322654,전공
컴퓨터공학과,전선,객체지향프로그래밍,2학년,2학기,3.0,322623,전공
컴퓨터공학과,전선,소프트웨어프로젝트,2학년,2학기,3.0,322624,전공
컴퓨터공학과,전선,컴퓨터구조,2학년,2학기,3.0,322658,전공
컴퓨터공학과,전선,SW실무영어,2학년,2학기,2.0,323311,전공
컴퓨터공학과,전선,리눅스시스템,2학년,2학기,3.0,323751,전공
컴퓨터공학과,전선,모바일프로그래밍,3학년,1학기,3.0,322626,전공
컴퓨터공학과,전선,소프트웨어공학,3학년,1학기,3.0,322642,전공
컴퓨터공학과,전선,오토마타개론,3학년,1학기,3.0,323682,전공
컴퓨터공학과,전선,인공지능,3학년,1학기,3.0,323683,전공
컴퓨터공학과,전선,컴퓨터네트워크,3학년,1학기,3.0,325463,전공
컴퓨터공학과,전선,영상처리,3학년,2학기,3.0,322628,전공
컴퓨터공학과,전선,알고리즘,3학년,2학기,3.0,322629,전공
컴퓨터공학과,전선,소프트웨어설계,3학년,2학기,3.0,322631,전공
컴퓨터공학과,전선,융합프로젝트,3학년,2학기,3.0,322633,전공
컴퓨터공학과,전선,데이터베이스설계,3학년,2학기,3.0,323217,전공
컴퓨터공학과,전선,머신러닝,4학년,1학기,3.0,322637,전공
컴퓨터공학과,전선,웹서버프로그래밍,4학년,1학기,3.0,323159,전공
컴퓨터공학과,전선,컴퓨터그래픽스,4학년,1학기,3.0,323690,전공
컴퓨터공학과,전선,클라우드컴퓨팅,4학년,1학기,3.0,323692,전공
컴퓨터공학과,전선,캡스톤디자인2,4학년,2학기,3.0,323224,전공
컴퓨터공학과,전선,빅데이터프로세상,4학년,2학기,3.0,323713,전공
기계공학과,전필,메카프로그래밍,2학년,1학기,3.0,310187,전공
기계공학과,전필,캡스톤디자인1,3학년,2학기,3.0,310686,전공
기계공학과,전필,캡스톤디자인2,4학년,1학기,6.0,310687,전공
기계공학과,전선,전자기초,1학년,1학기,3.0,322699,전공
기계공학과,전선,제품개발프로세스,1학년,1학기,3.0,326274,전공
기계공학과,전선,설계기초와3D프린터,1학년,2학기,3.0,322821,전공
기계공학과,전선,기계공학개론,1학년,2학기,3.0,326206,전공
기계공학과,전선,전기전자회로,2학년,1학기,3.0,322822,전공
기계공학과,전선,공업역학,2학년,1학기,3.0,322823,전공
기계공학과,전선,기계공학과전공탐색1,2학년,1학기,0.5,325469,전공
기계공학과,전선,고체역학,2학년,2학기,3.0,320582,전공
기계공학과,전선,센서및엑츄에이터,2학년,2학기,3.0,321869,전공
기계공학과,전선,자동화모니터링,2학년,2학기,3.0,322828,전공
기계공학과,전선,CAD1,2학년,2학기,3.0,322830,전공
기계공학과,전선,기계공학과전공탐색2,2학년,2학기,0.5,325470,전공
기계공학과,전선,제어공학,3학년,1학기,3.0,321877,전공
기계공학과,전선,PCB설계,3학년,1학기,3.0,322797,전공
기계공학과,전선,마이크로프로세서,3학년,1학기,3.0,322833,전공
기계공학과,전선,CAD2,3학년,1학기,3.0,322834,전공
기계공학과,전선,제어시스템설계,3학년,2학기,3.0,321878,전공
기계공학과,전선,PLC설계,3학년,2학기,3.0,321882,전공
기계공학과,전선,기계설계,3학년,2학기,3.0,322837,전공
기계공학과,전선,인공지능비전시스템,4학년,1학기,3.0,322849,전공
기계공학과,전선,유압공학과스마트팩토리,4학년,1학기,3.0,322850,전공
기계공학과,전선,현장실무,4학년,2학기,2.0,320597,전공
기계공학과,전선,특허분석과설계,4학년,2학기,3.0,322851,전공
기계공학과,전선,로보틱스,4학년,2학기,3.0,322852,전공
건축공학과,전필,구조역학1,2학년,2학기,3.0,310251,전공
건축공학과,전필,철근콘크리트구조1,3학년,1학기,3.0,310754,전공
건축공학과,전필,건축법규,3학년,2학기,3.0,315246,전공
건축공학과,전필,철골구조1,3학년,2학기,3.0,317482,전공
건축공학과,전필,BIM,4학년,1학기,2.0,310936,전공
건축공학과,전선,창의공학설계,1학년,1학기,3.0,321052,전공
건축공학과,전선,건설정보처리,1학년,2학기,3.0,326124,전공
건축공학과,전선,건축계획,1학년,2학기,2.0,327091,전공
건축공학과,전선,건축일반구조,1학년,2학기,2.0,327092,전공
건축공학과,전선,재료역학,2학년,1학기,3.0,325644,전공
건축공학과,전선,CAD및실습,2학년,1학기,3.0,325931,전공
건축공학과,전선,측량학및실습,2학년,1학기,2.0,326200,전공
건축공학과,전선,건설재료학및실습,2학년,1학기,2.0,327093,전공
건축공학과,전선,친환경건축,2학년,1학기,3.0,327094,전공
건축공학과,전선,건축시공1,2학년,2학기,3.0,322844,전공
건축공학과,전선,건설안전1,2학년,2학기,2.0,327095,전공
건축공학과,전선,건축설비1,2학년,2학기,2.0,327489,전공
건축공학과,전선,건축시공2,3학년,1학기,3.0,322856,전공
건축공학과,전선,구조역학2,3학년,1학기,3.0,325960,전공
건축공학과,전선,건설안전2,3학년,1학기,2.0,327096,전공
건축공학과,전선,건축설비2,3학년,1학기,2.0,327507,전공
건축공학과,전선,철근콘크리트구조2,3학년,2학기,3.0,320289,전공
건축공학과,전선,공정관리,3학년,2학기,3.0,322858,전공
건축공학과,전선,건축실무적산,3학년,2학기,2.0,326125,전공
건축공학과,전선,건축기술특허,4학년,1학기,3.0,322860,전공
건축공학과,전선,철골구조2,4학년,1학기,3.0,325214,전공
건축공학과,전선,구조설계및실무,4학년,1학기,3.0,327097,전공
건축공학과,전선,해외건설실무론,4학년,2학기,2.0,320720,전공
건축공학과,전선,건설사업관리,4학년,2학기,2.0,326126,전공
건축공학과,전선,종합공학설계,4학년,2학기,2.0,327099,전공
토목환경공학과,전필,유체역학,2학년,1학기,3.0,317463,전공
토목환경공학과,전필,재료역학1,2학년,1학기,3.0,317489,전공
토목환경공학과,전필,수리학및실험,2학년,2학기,3.0,310193,전공
토목환경공학과,전필,지반공학개론및실험,2학년,2학기,3.0,310194,전공
토목환경공학과,전필,철근콘크리트구조및실험1,3학년,1학기,3.0,310195,전공
토목환경공학과,전필,구조역학1,3학년,1학기,3.0,310253,전공
토목환경공학과,전선,일반물리실험1,1학년,1학기,1.0,321141,전공
토목환경공학과,전선,토목환경공학개론,1학년,1학기,2.0,322862,전공
토목환경공학과,전선,토목환경공학과전공탐색1,1학년,1학기,0.5,322863,전공
토목환경공학과,전선,공업역학,1학년,2학기,3.0,321059,전공
토목환경공학과,전선,일반물리실험2,1학년,2학기,1.0,321142,전공
토목환경공학과,전선,토목환경공학과전공탐색2,1학년,2학기,0.5,322864,전공
토목환경공학과,전선,측량학및실습,2학년,1학기,3.0,321134,전공
토목환경공학과,전선,건설재료학및실습,2학년,1학기,2.0,321165,전공
토목환경공학과,전선,수문학,2학년,2학기,3.0,322080,전공
토목환경공학과,전선,공간정보학및실습,2학년,2학기,3.0,322865,전공
토목환경공학과,전선,재료역학2,2학년,2학기,3.0,327490,전공
토목환경공학과,전선,수공설계,3학년,1학기,2.0,320647,전공
토목환경공학과,전선,응용수리학및실험,3학년,1학기,3.0,321143,전공
토목환경공학과,전선,토질역학및실험,3학년,1학기,3.0,321145,전공
토목환경공학과,전선,상하수도공학,3학년,1학기,3.0,321146,전공
토목환경공학과,전선,구조역학2,3학년,2학기,3.0,320290,전공
토목환경공학과,전선,철근콘크리트구조및실험2,3학년,2학기,3.0,321163,전공
토목환경공학과,전선,하천공학,3학년,2학기,3.0,321164,전공
토목환경공학과,전선,기초공학,3학년,2학기,3.0,322092,전공
토목환경공학과,전선,건설환경IT융합,3학년,2학기,3.0,322866,전공
토목환경공학과,전선,건설시공학,3학년,2학기,3.0,324151,전공
토목환경공학과,전선,해안및항만공학설계,4학년,1학기,3.0,321167,전공
토목환경공학과,전선,지반공학설계,4학년,1학기,3.0,321168,전공
토목환경공학과,전선,강구조공학,4학년,1학기,3.0,322095,전공
토목환경공학과,전선,토목환경종합설계1,4학년,1학기,2.0,322867,전공
토목환경공학과,전선,PS콘크리트공학,4학년,1학기,3.0,324155,전공
토목환경공학과,전선,건설공학정보학,4학년,1학기,3.0,326135,전공
토목환경공학과,전선,응용구조해석,4학년,2학기,2.0,320649,전공
토목환경공학과,전선,방재안전공학,4학년,2학기,3.0,321176,전공
토목환경공학과,전선,도로공학설계,4학년,2학기,2.0,321177,전공
토목환경공학과,전선,토목환경종합설계2,4학년,2학기,2.0,322868,전공
전학과,교필,채플1,1학년,1학기,0.0,120001,가치구현
전학과,교필,열린사고와표현,1학년,1학기,2.0,120068,사고
전학과,교필,디자인과창의적발상,1학년,1학기,2.0,120025,사고
전학과,교필,영어1,1학년,1학기,2.0,120026,글로벌소통
전학과,교필,고전으로세상읽기,1학년,2학기,2.0,120069,사고
전학과,교필,채플2,1학년,2학기,0.0,120002,가치구현
전학과,교필,영어2,1학년,2학기,2.0,120027,글로벌소통
전학과,교필,중국어1,1학년,2학기,2.0,120030,글로벌소통
전학과,교필,창의적생활코딩1,1학년,2학기,2.0,120061,디지털리터러시
전학과,교필,채플3,2학년,1학기,0.0,120003,가치구현
전학과,교필,영어3,2학년,1학기,2.0,120028,글로벌소통
전학과,교필,중국어2,2학년,1학기,2.0,120031,글로벌소통
전학과,교필,채플4,2학년,2학기,0.0,120004,가치구현
전학과,교필,창의적생활코딩2,2학년,2학기,2.0,120066,디지털리터러시
전학과,교필,채플5,3학년,1학기,0.0,120005,가치구현
전학과,교필,채플6,3학년,2학기,0.0,120006,가치구현
전학과,교선,철학개론,전학년,전학기,3.0,160001,인간과역사
전학과,교선,동양사상입문,전학년,2학기,3.0,160002,인간과역사
전학과,교선,서양사상입문,전학년,1학기,3.0,160003,인간과역사
전학과,교선,일반수학1,전학년,1학기,3.0,160012,자연과기술
전학과,교선,일반수학2,전학년,2학기,3.0,160013,자연과기술
전학과,교선,프로그래밍기초,전학년,전학기,3.0,160026,자연과기술
전학과,교선,예술학개론,전학년,전학기,3.0,160029,문학과예술
전학과,교선,언어학개론,전학년,전학기,3.0,160030,문학과예술
전학과,교선,문학개론,전학년,전학기,3.0,160031,문학과예술
전학과,교선,일본어와일본문화,전학년,1학기,3.0,160033,세계와문화
전학과,교선,중국어와중국문화,전학년,1학기,3.0,160034,세계와문화
전학과,교선,심리학의이해,전학년,전학기,3.0,160004,사회와가치
전학과,교선,사회학의이해,전학년,전학기,3.0,160005,사회와가치
전학과,교선,경제학의이해,전학년,1학기,3.0,160007,사회와가치
전학과,교선,일반수학1,전학년,1학기,3.0,160012,자연과기술
전학과,교선,일반수학2,전학년,2학기,3.0,160013,자연과기술
전학과,교선,일반화학1,전학년,1학기,3.0,160017,자연과기술
전학과,교선,일반화학2,전학년,2학기,3.0,160018,자연과기술
전학과,교선,일반물리학,전학년,2학기,3.0,160019,자연과기술
전학과,교선,데이터과학,전학년,2학기,3.0,160020,자연과기술
전학과,교선,컴퓨터공학개론,전학년,2학기,3.0,160023,자연과기술
전학과,교선,일반생물학1,전학년,1학기,3.0,160037,자연과기술
전학과,교선,일반생물학2,전학년,2학기,3.0,160038,자연과기술
전학과,교양,고전에길을묻다1,전학년,2학기,2.0,140447,인간과역사
전학과,교양,바른인성1,전학년,1학기,2.0,140452,인간과역사
전학과,교양,고전읽기1:인간의사유여행,전학년,2학기,2.0,140353,인간과역사
전학과,교양,공감의인류학:감정이입의인화,전학년,2학기,2.0,140245,인간과역사
전학과,교양,공동체의미래:신뢰·친밀성·자율성,전학년,1학기,2.0,140246,인간과역사
전학과,교양,경영과인생,전학년,전학기,2.0,146958,인간과역사
전학과,교양,경제학콘서트,전학년,1학기,2.0,141510,인간과역사
전학과,교양,교양논어,전학년,1학기,2.0,141439,인간과역사
전학과,교양,달란트남김및확산,전학년,2학기,2.0,140427,인간과역사
전학과,교양,달란트발견및계발,전학년,1학기,2.0,140426,인간과역사
전학과,교양,동아시아고전속의여성,전학년,2학기,2.0,140445,인간과역사
전학과,교양,동아시아와한자문명,전학년,2학기,2.0,140109,인간과역사
전학과,교양,마음의탄생:뇌·의식·마음,전학년,2학기,2.0,140255,인간과역사
전학과,교양,미디어로본한국사,전학년,전학기,2.0,140296,인간과역사
전학과,교양,부산의내력과문화,전학년,2학기,2.0,140110,인간과역사
전학과,교양,사람의양성성:아니마와아니무수,전학년,1학기,2.0,140273,인간과역사
전학과,교양,사랑학개론,전학년,전학기,2.0,147031,인간과역사
전학과,교양,서양사의이해,전학년,전학기,2.0,140115,인간과역사
전학과,교양,성공학,전학년,전학기,2.0,146957,인간과역사
전학과,교양,세계전쟁사,전학년,전학기,2.0,140116,인간과역사
전학과,교양,스트레스과학,전학년,2학기,2.0,140126,인간과역사
전학과,교양,실용한자,전학년,전학기,2.0,141001,인간과역사
전학과,교양,여성학의이해,전학년,전학기,2.0,140458,인간과역사
전학과,교양,역사로보는성경,전학년,1학기,2.0,146949,인간과역사
전학과,교양,영화보로는세계역사,전학년,2학기,2.0,140446,인간과역사
전학과,교양,영화속심리이야기,전학년,전학기,2.0,142011,인간과역사
전학과,교양,욕망과철학의만남,전학년,2학기,2.0,142001,인간과역사
전학과,교양,인간생명과지속가능개발,전학년,전학기,2.0,140424,인간과역사
전학과,교양,인문학고전읽기,전학년,전학기,2.0,140231,인간과역사
전학과,교양,인물로본우리역사,전학년,2학기,2.0,144389,인간과역사
전학과,교양,인생학개론,전학년,2학기,2.0,140459,인간과역사
전학과,교양,자기표현기법,전학년,1학기,2.0,146968,인간과역사
전학과,교양,지역문화와스토리텔링,전학년,2학기,2.0,140113,인간과역사
전학과,교양,지역발전과문화기획,전학년,1학기,2.0,140111,인간과역사
전학과,교양,철학과논리의세계,전학년,1학기,2.0,140117,인간과역사
전학과,교양,한강과낙동강:한국근대상의발자취,전학년,1학기,2.0,140241,인간과역사
전학과,교양,한국문화유산탐방,전학년,1학기,2.0,142003,인간과역사
전학과,교양,한국사의이해,전학년,전학기,2.0,142629,인간과역사
전학과,교양,한국영화사,전학년,2학기,2.0,140442,인간과역사
전학과,교양,항만도시이야기,전학년,전학기,2.0,140292,인간과역사
전학과,교양,행복한가정설계,전학년,1학기,2.0,146950,인간과역사
전학과,교양,한국의문화유산,전학년,전학기,2.0,140228,인간과역사
전학과,교양,우리몸의이해,전학년,전학기,2.0,140229,인간과역사
전학과,교양,역사속의기독교이야기,전학년,전학기,2.0,140143,인간과역사
전학과,교양,서양철학사여행,전학년,전학기,2.0,141015,인간과역사
전학과,교양,현대사회와정신건강,전학년,전학기,2.0,142617,인간과역사
전학과,교양,동양명저산책,전학년,1학기,3.0,140309,인간과역사
전학과,교양,서양명저산책,전학년,2학기,3.0,140310,인간과역사
전학과,교양,사람과사람,전학년,전학기,3.0,140283,인간과역사
전학과,교양,인간발달의이해,전학년,2학기,3.0,140361,인간과역사
전학과,교양,고전에길을묻다2,전학년,2학기,2.0,140448,사회와가치
전학과,교양,바른인성2,전학년,1학기,2.0,140453,사회와가치
전학과,교양,고전읽기2:가치로이해하는내가사는사회,전학년,2학기,2.0,140354,사회와가치
전학과,교양,20대의소비,전학년,2학기,2.0,140031,사회와가치
전학과,교양,21세기행복나침반-성경,전학년,2학기,2.0,147212,사회와가치
전학과,교양,가족과문화,전학년,2학기,2.0,140370,사회와가치
전학과,교양,경제학적사유의원리,전학년,전학기,2.0,140411,사회와가치
전학과,교양,교양논리학,전학년,2학기,2.0,140145,사회와가치
전학과,교양,도덕적추론,전학년,2학기,2.0,140191,사회와가치
전학과,교양,동서양철학의만남,전학년,1학기,2.0,140108,사회와가치
전학과,교양,미학으로보는세상이야기,전학년,전학기,2.0,141564,사회와가치
전학과,교양,범죄로보는한국사회,전학년,전학기,2.0,140418,사회와가치
전학과,교양,범죄와인권복지,전학년,2학기,2.0,140125,사회와가치
전학과,교양,빛과소금:기독교인의역할,전학년,2학기,2.0,140240,사회와가치
전학과,교양,사회사상의이해,전학년,1학기,2.0,141438,사회와가치
전학과,교양,서구근대의초상:이성과신앙,전학년,1학기,2.0,140244,사회와가치
전학과,교양,성경으로배우는영어구조,전학년,전학기,2.0,140195,사회와가치
전학과,교양,스포츠와경제,전학년,전학기,2.0,140266,사회와가치
전학과,교양,스포츠와정치,전학년,전학기,2.0,140265,사회와가치
전학과,교양,시민사회와법,전학년,전학기,2.0,140104,사회와가치
전학과,교양,알파와오메가:삼위일체하나님,전학년,1학기,2.0,140242,사회와가치
전학과,교양,역사를뒤흔든최고의변론,전학년,2학기,2.0,140247,사회와가치
전학과,교양,인공지능과윤리,전학년,전학기,2.0,140303,사회와가치
전학과,교양,인권이뭘까,전학년,전학기,2.0,140388,사회와가치
전학과,교양,자긍심증진:빌사일삼,전학년,2학기,2.0,140243,사회와가치
전학과,교양,지속가능발전을위한관광,전학년,2학기,2.0,140444,사회와가치
전학과,교양,지식재산법과실제,전학년,1학기,2.0,140105,사회와가치
전학과,교양,청렴:아는것과실천하는것,전학년,2학기,2.0,140032,사회와가치
전학과,교양,학문과신앙,전학년,전학기,2.0,140021,사회와가치
전학과,교양,한국언어와사고,전학년,2학기,2.0,140132,사회와가치
전학과,교양,한반도평화와협력,전학년,전학기,2.0,140106,사회와가치
전학과,교양,행정학개론,전학년,2학기,2.0,140119,사회와가치
전학과,교양,현대사회와미디어,전학년,전학기,2.0,140107,사회와가치
전학과,교양,현대사회와범죄,전학년,1학기,2.0,140290,사회와가치
전학과,교양,현대사회와복지,전학년,2학기,2.0,140291,사회와가치
전학과,교양,Introduction to International nvironmental Law,전학년,전학기,2.0,140121,사회와가치
전학과,교양,Introduction to Wellness,전학년,전학기,2.0,140124,사회와가치
전학과,교양,Introduction to Western Philosophy,전학년,2학기,2.0,141433,사회와가치
전학과,교양,Philosophy and Science,전학년,전학기,2.0,141428,사회와가치
전학과,교양,Post-colonialism: A VisualGuide to East Meets West,전학년,2학기,2.0,141023,사회와가치
전학과,교양,Society and Crime,전학년,1학기,2.0,140436,사회와가치
전학과,교양,Society and Welfare,전학년,2학기,2.0,140435,사회와가치
전학과,교양,The Civil Rights Movement,전학년,2학기,2.0,141429,사회와가치
전학과,교양,ESG사유의원리,전학년,전학기,3.0,140413,사회와가치
전학과,교양,경영윤리,전학년,2학기,3.0,140304,사회와가치
전학과,교양,투명경영리더십,전학년,전학기,3.0,140415,사회와가치
전학과,교양,함께알아가는통일·북한,전학년,1학기,3.0,140371,사회와가치
전학과,교양,고전에길을묻다3,전학년,2학기,2.0,140449,자연과기술
전학과,교양,바른인성3,전학년,1학기,2.0,140454,자연과기술
전학과,교양,고전읽기3:음식과곡물로읽는문명의역사,전학년,2학기,2.0,140355,자연과기술
전학과,교양,4차산업혁명과미래사회,전학년,전학기,2.0,140148,자연과기술
전학과,교양,가상공간의이해,전학년,전학기,2.0,140419,자연과기술
전학과,교양,건축과공간,전학년,1학기,2.0,140134,자연과기술
전학과,교양,공간읽기:인간·건축·도시,전학년,전학기,2.0,140249,자연과기술
전학과,교양,공생:세포에서사회까지,전학년,1학기,2.0,140254,자연과기술
전학과,교양,공예와지식재산,전학년,전학기,2.0,141408,자연과기술
전학과,교양,공학윤리,전학년,전학기,2.0,140390,자연과기술
전학과,교양,과학과문명,전학년,전학기,2.0,140140,자연과기술
전학과,교양,과학기술과사회윤리,전학년,전학기,2.0,140158,자연과기술
전학과,교양,과학기술과지식재산,전학년,전학기,2.0,140137,자연과기술
전학과,교양,과학기술사회론,전학년,2학기,2.0,140157,자연과기술
전학과,교양,과학기술혁명과커뮤니케이션,전학년,1학기,2.0,140139,자연과기술
전학과,교양,과학사,전학년,전학기,2.0,140159,자연과기술
전학과,교양,논리수학,전학년,2학기,2.0,140152,자연과기술
전학과,교양,동양사상과과학기술,전학년,1학기,2.0,140156,자연과기술
전학과,교양,몸과생명,전학년,전학기,2.0,140256,자연과기술
전학과,교양,빅데이터속의수학,전학년,1학기,2.0,140034,자연과기술
전학과,교양,사고와논리:개념·명제·논증,전학년,전학기,2.0,140258,자연과기술
전학과,교양,사물인터넷DIY,전학년,2학기,2.0,141557,자연과기술
전학과,교양,상상공학:감성과공학의만남,전학년,1학기,2.0,140151,자연과기술
전학과,교양,새로운생명체:인공지능,전학년,전학기,2.0,140154,자연과기술
전학과,교양,새로운시각:창조과학,전학년,1학기,2.0,140359,자연과기술
전학과,교양,생명과학의이해,전학년,2학기,2.0,140457,자연과기술
전학과,교양,생명과창조과학,전학년,1학기,2.0,146960,자연과기술
전학과,교양,생명과학의미래,전학년,2학기,2.0,140155,자연과기술
전학과,교양,생명의근원:물,전학년,1학기,2.0,140019,자연과기술
전학과,교양,생활과건강,전학년,전학기,2.0,140153,자연과기술
전학과,교양,생활속유사과학,전학년,전학기,2.0,140389,자연과기술
전학과,교양,생활속응급처치,전학년,전학기,2.0,140297,자연과기술
전학과,교양,생활속의수학,전학년,전학기,2.0,145126,자연과기술
전학과,교양,소프트웨어와코딩,전학년,전학기,2.0,140146,자연과기술
전학과,교양,수학문명:문명을바꾼수학발전,전학년,2학기,2.0,140248,자연과기술
전학과,교양,수학언어로빅데이터를읽다,전학년,전학기,2.0,140100,자연과기술
전학과,교양,식생활과건강,전학년,전학기,2.0,140135,자연과기술
전학과,교양,영화속수학이야기,전학년,전학기,2.0,141560,자연과기술
전학과,교양,예측하는미래:통계와확률,전학년,전학기,2.0,140250,자연과기술
전학과,교양,인간과생활속의로봇,전학년,1학기,2.0,140252,자연과기술
전학과,교양,인간과에너지:과거·현재·미래,전학년,전학기,2.0,140253,자연과기술
전학과,교양,인체의신비,전학년,1학기,2.0,142609,자연과기술
전학과,교양,인터넷활용과정보통신윤리,전학년,전학기,2.0,140136,자연과기술
전학과,교양,자연과에너지,전학년,전학기,2.0,142551,자연과기술
전학과,교양,자연과우주의신비,전학년,전학기,2.0,140257,자연과기술
전학과,교양,자연을품은건축과공간,전학년,전학기,2.0,140398,자연과기술
전학과,교양,지구와우주,전학년,1학기,2.0,140358,자연과기술
전학과,교양,초급수학,전학년,1학기,2.0,141315,자연과기술
전학과,교양,컴퓨터를만든수학:수학과정보기술,전학년,전학기,2.0,140251,자연과기술
전학과,교양,컴퓨팅사고,전학년,전학기,2.0,140147,자연과기술
전학과,교양,프로그래밍을통한논리적사유연습,전학년,전학기,2.0,140150,자연과기술
전학과,교양,화학과생활,전학년,2학기,2.0,140149,자연과기술
전학과,교양,Basic Principles of Algorithms and Coding,전학년,1학기,2.0,140027,자연과기술
전학과,교양,Computer Application,전학년,2학기,2.0,141024,자연과기술
전학과,교양,AI에서수학을보다,전학년,전학기,2.0,140396,자연과기술
전학과,교양,Python프로그래밍기초,전학년,전학기,2.0,140232,자연과기술
전학과,교양,Technology: Past·Present·and Future,전학년,1학기,2.0,140028,자연과기술
전학과,교양,사람과미래,전학년,전학기,3.0,140284,자연과기술
전학과,교양,인간과환경,전학년,전학기,3.0,140282,자연과기술
전학과,교양,정보사회와건강,전학년,1학기,3.0,140360,자연과기술
전학과,교양,질병과역사,전학년,2학기,3.0,140114,자연과기술
전학과,교양,탄소절감과기업경영,전학년,전학기,3.0,140416,자연과기술
전학과,교양,환경·건축·기업과ESG,전학년,전학기,3.0,140410,자연과기술
전학과,교양,ESG실천과제,전학년,전학기,3.0,140414,자연과기술
전학과,교양,고전에길을묻다4,전학년,2학기,2.0,140450,문학과예술
전학과,교양,바른인성4,전학년,1학기,2.0,140455,문학과예술
전학과,교양,고전읽기4:예술의눈과문학의마음으로,전학년,2학기,2.0,140356,문학과예술
전학과,교양,세상읽기,전학년,전학기,2.0,141562,문학과예술
전학과,교양,고전음악과인간의생애,전학년,전학기,2.0,140423,문학과예술
전학과,교양,감수성의탄생:음악,전학년,전학기,2.0,140230,문학과예술
전학과,교양,공연예술의이해,전학년,2학기,2.0,140262,문학과예술
전학과,교양,그림의변천사:신본주의에서물질주의까지,전학년,전학기,2.0,146969,문학과예술
전학과,교양,디자인커뮤니티,전학년,1학기,2.0,140178,문학과예술
전학과,교양,문학과영상의만남,전학년,1학기,2.0,140189,문학과예술
전학과,교양,문학의이해,전학년,전학기,2.0,141327,문학과예술
전학과,교양,문화예술과과학의통섭적이해,전학년,2학기,2.0,140172,문학과예술
전학과,교양,문화콘텐츠로세상읽기,전학년,2학기,2.0,140180,문학과예술
전학과,교양,문화콘텐츠와창의력,전학년,전학기,2.0,141318,문학과예술
전학과,교양,문화행사기획,전학년,전학기,2.0,140181,문학과예술
전학과,교양,뮤지컬의이해,전학년,2학기,2.0,140182,문학과예술
전학과,교양,미(美)와철학,전학년,전학기,2.0,141409,문학과예술
전학과,교양,미술과신화·디자인,전학년,전학기,2.0,142586,문학과예술
전학과,교양,미술의이해,전학년,2학기,2.0,140441,문학과예술
전학과,교양,배구,전학년,1학기,2.0,140035,문학과예술
전학과,교양,사람과놀이,전학년,1학기,2.0,140165,문학과예술
전학과,교양,사진의이해와표현,전학년,1학기,2.0,141409,문학과예술
전학과,교양,상상력의근원:동서양신화읽기,전학년,2학기,2.0,140261,문학과예술
전학과,교양,상상력프로젝트,전학년,전학기,2.0,140183,문학과예술
전학과,교양,서양미술사,전학년,1학기,2.0,140173,문학과예술
전학과,교양,성으로읽는풍속사,전학년,1학기,2.0,140170,문학과예술
전학과,교양,세계문학과사회적상상력,전학년,1학기,2.0,140184,문학과예술
전학과,교양,스쿼시,전학년,전학기,2.0,140406,문학과예술
전학과,교양,악기의탄생:동서양음악의문명사,전학년,전학기,2.0,140259,문학과예술
전학과,교양,세계의공통어:음악,전학년,전학기,2.0,140298,문학과예술
전학과,교양,언어와비언어:이미지·상징·아이콘,전학년,전학기,2.0,140260,문학과예술
전학과,교양,연극의이해,전학년,전학기,2.0,146967,문학과예술
전학과,교양,영상으로본예술사,전학년,전학기,2.0,145641,문학과예술
전학과,교양,영화로배우는인문학,전학년,전학기,2.0,140096,문학과예술
전학과,교양,영화로읽는서양문명,전학년,1학기,2.0,146951,문학과예술
전학과,교양,영화의이해,전학년,전학기,2.0,140186,문학과예술
전학과,교양,예술과스타트업경영,전학년,전학기,2.0,140163,문학과예술
전학과,교양,웰빙시대의여가와스포츠,전학년,전학기,2.0,141407,문학과예술
전학과,교양,음악과사회,전학년,전학기,2.0,140384,문학과예술
전학과,교양,음악의이해,전학년,전학기,2.0,142596,문학과예술
전학과,교양,창의적건축과아이디어디자인,전학년,1학기,2.0,141402,문학과예술
전학과,교양,창의트리즈,전학년,전학기,2.0,140188,문학과예술
전학과,교양,축구,전학년,전학기,2.0,140407,문학과예술
전학과,교양,클래식스토리텔링,전학년,전학기,2.0,140187,문학과예술
전학과,교양,테니스,전학년,전학기,2.0,140408,문학과예술
전학과,교양,패션과사회,전학년,1학기,2.0,140171,문학과예술
전학과,교양,한국고전문학기행,전학년,1학기,2.0,140168,문학과예술
전학과,교양,한국미술사,전학년,2학기,2.0,140192,문학과예술
전학과,교양,한국민속과예(禮),전학년,1학기,2.0,140166,문학과예술
전학과,교양,한국현대문학산책,전학년,2학기,2.0,140175,문학과예술
전학과,교양,허상디스플레이와문화,전학년,전학기,2.0,141437,문학과예술
전학과,교양,헬스트레이닝,전학년,전학기,2.0,140405,문학과예술
전학과,교양,현대인과스포츠,전학년,전학기,2.0,143228,문학과예술
전학과,교양,Appreciation of Contemporary Art,전학년,1학기,2.0,140026,문학과예술
전학과,교양,Literature and Culture : An Introduction,전학년,전학기,2.0,140176,문학과예술
전학과,교양,Media and Culture,전학년,2학기,2.0,141432,문학과예술
전학과,교양,Music and Creativity,전학년,1학기,2.0,140352,문학과예술
전학과,교양,Music on Screen,전학년,1학기,2.0,140293,문학과예술
전학과,교양,Understanding Music,전학년,전학기,2.0,141422,문학과예술
전학과,교양,Women in Cinema: Understanding Feminism,전학년,1학기,2.0,140025,문학과예술
전학과,교양,부산미술과디자인,전학년,전학기,3.0,140285,문학과예술
전학과,교양,한국예술과디자인의이해,전학년,전학기,3.0,140403,문학과예술
전학과,교양,고전에길을묻다5,전학년,2학기,2.0,140451,세계와문화
전학과,교양,바른인성5,전학년,1학기,2.0,140456,세계와문화
전학과,교양,고전읽기5:노벨문학상작품과함께하는,전학년,2학기,2.0,140357,세계와문화
전학과,교양,인문학산책,전학년,1학기,2.0,140299,세계와문화
전학과,교양,교양생활영어말하기1,전학년,2학기,2.0,140300,세계와문화
전학과,교양,교양생활영어말하기2,전학년,1학기,2.0,140301,세계와문화
전학과,교양,교양생활영어읽기1,전학년,2학기,2.0,140302,세계와문화
전학과,교양,교양생활영어읽기2,전학년,1학기,2.0,140206,세계와문화
전학과,교양,국제개발협력과헬스케어,전학년,1학기,2.0,140197,세계와문화
전학과,교양,국제기구의이해,전학년,전학기,2.0,140375,세계와문화
전학과,교양,국제사회이야기,전학년,1학기,2.0,140200,세계와문화
전학과,교양,국제생활영어1,전학년,2학기,2.0,140201,세계와문화
전학과,교양,국제생활영어2,전학년,2학기,2.0,140003,세계와문화
전학과,교양,글로벌리더십,전학년,1학기,2.0,145630,세계와문화
전학과,교양,글로벌시대의문화이해2,전학년,전학기,2.0,140399,세계와문화
전학과,교양,글로벌시민의식:협력,전학년,2학기,2.0,140203,세계와문화
전학과,교양,글로벌이슈와시사상식,전학년,2학기,2.0,140004,세계와문화
전학과,교양,기초베트남어회화,전학년,2학기,2.0,140204,세계와문화
전학과,교양,남북통일과동반성장,전학년,전학기,2.0,140030,세계와문화
전학과,교양,독어1,전학년,1학기,2.0,140364,세계와문화
전학과,교양,독어2,전학년,2학기,2.0,140365,세계와문화
전학과,교양,동아시아문명론,전학년,전학기,2.0,140268,세계와문화
전학과,교양,동양문화의이해,전학년,2학기,2.0,140164,세계와문화
전학과,교양,문명의충돌과조화,전학년,전학기,2.0,140397,세계와문화
전학과,교양,문화간커뮤니케이션,전학년,2학기,2.0,140196,세계와문화
전학과,교양,미국사회이야기,전학년,전학기,2.0,140391,세계와문화
전학과,교양,미국탐방1,전학년,1학기,2.0,140226,세계와문화
전학과,교양,미국탐방2,전학년,2학기,2.0,140227,세계와문화
전학과,교양,베트남문화의이해,전학년,전학기,2.0,140394,세계와문화
전학과,교양,베트남어1,전학년,1학기,2.0,140198,세계와문화
전학과,교양,베트남어2,전학년,2학기,2.0,140005,세계와문화
전학과,교양,북한사회와문화의이해,전학년,2학기,2.0,140289,세계와문화
전학과,교양,불어1,전학년,1학기,2.0,140362,세계와문화
전학과,교양,불어2,전학년,2학기,2.0,140363,세계와문화
전학과,교양,세계문화탐사여행,전학년,전학기,2.0,140162,세계와문화
전학과,교양,세계속의부산,전학년,1학기,2.0,140443,세계와문화
전학과,교양,세계차문화,전학년,1학기,2.0,140185,세계와문화
전학과,교양,세계화다문화주의,전학년,2학기,2.0,140214,세계와문화
전학과,교양,신화와인류문화,전학년,2학기,2.0,140179,세계와문화
전학과,교양,실크로드:문명의창조와전달,전학년,전학기,2.0,140269,세계와문화
전학과,교양,아세안사회와문화,전학년,전학기,2.0,140409,세계와문화
전학과,교양,아시아공동체론,전학년,2학기,2.0,140225,세계와문화
전학과,교양,열린사회의가치지향:다양성·관용·공존,전학년,전학기,2.0,140267,세계와문화
전학과,교양,영국문화와사회,전학년,전학기,2.0,140404,세계와문화
전학과,교양,영미문학과소통,전학년,1학기,2.0,140020,세계와문화
전학과,교양,영어권국가의이해,전학년,전학기,2.0,140211,세계와문화
전학과,교양,일어1,전학년,1학기,2.0,140366,세계와문화
전학과,교양,일어2,전학년,2학기,2.0,140367,세계와문화
전학과,교양,젓가락문화,전학년,전학기,2.0,140270,세계와문화
전학과,교양,조선의왕·왕비로살아보기,전학년,전학기,2.0,140271,세계와문화
전학과,교양,중급아랍어,전학년,2학기,2.0,140288,세계와문화
전학과,교양,중어1,전학년,1학기,2.0,140368,세계와문화
전학과,교양,중어2,전학년,2학기,2.0,140369,세계와문화
전학과,교양,초급러시아어1,전학년,1학기,2.0,146726,세계와문화
전학과,교양,초급러시아어2,전학년,2학기,2.0,146727,세계와문화
전학과,교양,초급아랍어,전학년,1학기,2.0,140287,세계와문화
전학과,교양,초급영어,전학년,1학기,2.0,141313,세계와문화
전학과,교양,축제와세계의문화,전학년,전학기,2.0,140263,세계와문화
전학과,교양,커피와문명,전학년,전학기,2.0,140420,세계와문화
전학과,교양,한국사회의다문화공존,전학년,1학기,2.0,140212,세계와문화
전학과,교양,한국의문화유산:소리·색·선·맛,전학년,2학기,2.0,140264,세계와문화
전학과,교양,현대중국사회의이해,전학년,1학기,2.0,140210,세계와문화
전학과,교양,Global Issues,전학년,2학기,2.0,140029,세계와문화
전학과,교양,K-pop과영상문화,전학년,전학기,2.0,141512,세계와문화
전학과,교양,NGO와국제협력,전학년,2학기,2.0,140202,세계와문화
전학과,교양,Understanding World Poverty,전학년,1학기,2.0,141423,세계와문화
전학과,교양,World History1,전학년,1학기,2.0,140221,세계와문화
전학과,교양,World History2,전학년,2학기,2.0,140006,세계와문화
전학과,교양,글로벌매너,전학년,1학기,3.0,140278,세계와문화
전학과,교양,글로벌시대의문화이해1,전학년,2학기,3.0,140279,세계와문화
전학과,교양,남아메리카의이해,전학년,2학기,3.0,140279,세계와문화
전학과,교양,사람과아시아,전학년,전학기,3.0,140286,세계와문화
전학과,교양,유럽사회와문화,전학년,1학기,3.0,140280,세계와문화
전학과,교양,지속가능발전(SDGs)의이해,전학년,전학기,3.0,140412,세계와문화
전학과,교양,한반도통일과국제관계,전학년,1학기,3.0,140281,세계와문화
전학과,교양,ESGEntrepreunership,전학년,전학기,3.0,140417,세계와문화